accuracy,precision,recall,f1_score,roc_auc,model
1.0,1.0,1.0,1.0,1.0,DecisionTree
1.0,1.0,1.0,1.0,0.9999999999999999,RandomForest
0.925707943768077,0.7726062413462562,0.9899017467248908,0.8678590656218221,0.9767503115636524,NaiveBayes
0.8376605905697182,0.7868777242486809,0.46806768558951967,0.5869769829725335,0.7544946357894233,KNN
0.753548126723616,0.5,0.00013646288209606986,0.00027285129604365623,0.6047528938949993,LogisticRegression
